https://indieweb.org/2015-review

{{stub}}

'''<dfn>2015 review</dfn>''' is a list of indieweb and indiewebcamp accomplishments for all of 2015, as well as indieweb related news in 2015.

THIS IS VERY MUCH A WORK IN PROGRESS. Please help by adding to the below sections, and adding whole sections from [[2014-review]]!

* Previously: [[2014-review]]
* Next: [[2016-review]]

== IndieWeb Examples ==
Blog what you got done on your personal indieweb site in 2015, and add a link here!
* ...

== IndieWebCampers ==
[[2014-review#This_Is_A_Movement|Last year's grid of everyone]] who went to an IndieWebCamp looked great - let's make another one for 2015.

Grid of all the people who attended *any* 2015 IndieWebCamp from the Guest_List pages, with their names and domain names underneath their photos - everything linked to their domain. 

'''IN PROGRESS'''. Please add yourself if you participated in an IndieWebCamp in 2015, and feel free to add all others from any IndieWebCamp 2015 Guest List as well!

Please also help with ordering alphabetically by fullname - helps to avoid duplicates!

<div style="margin:0 -64px 0 -10px;width:110%;overflow:visible;position:relative;z-index:1">

{{AttendeeImage
|name = Aakriti Shroff
|img = http://aakritishroff.com/photo.jpg
|url = aakritishroff.com
}}

{{AttendeeImage
|name = Aaron Parecki
|img = http://aaronparecki.com/photo.jpg
|url = aaronparecki.com
}}

{{AttendeeImage
|name = Adeline Gil
|img = https://indiewebcamp.com/images/4/4e/indiewebcamp-square.min.png
|url = your domain
}} 

{{AttendeeImage
|name = Alex Kearney
|img = http://alexkearney.com/static/img/profile-generic.jpg
|url = alexkearney.com
}}

{{AttendeeImage
|name = Alex Linsker
|img = http://twitter.com/alexlinsker/profile_image?size=original
|url = alexlinsker.com
}}

{{AttendeeImage
|name = Alex Stobart
|img = https://indiewebcamp.com/images/4/4e/indiewebcamp-square.min.png
}}

{{AttendeeImage
|name = Alison Austin
|img = https://indiewebcamp.com/images/4/4e/indiewebcamp-square.min.png
|url =
}}

{{AttendeeImage
|name = Amanda MacLean
|img = http://gp1.wac.edgecastcdn.net/802892/production_public/Photo/6749575/image/1313510926_10150409065245424_767575423_17094816_4803427_n.jpg
|url = amandamaclean.com
}}

{{AttendeeImage
|name = Aminata Ndiaye & Guest
|img = https://indiewebcamp.com/images/4/4e/indiewebcamp-square.min.png
|url = your domain
}}

{{AttendeeImage
|name = Amy Guy
|img = http://rhiaro.co.uk/amytigo.png
|url = rhiaro.co.uk
}}

{{AttendeeImage
|name = Andi Galpern
|img = https://twitter.com/andigalpern/profile_image?size=original
|url = www.facebook.com/andigalpern
}}

{{AttendeeImage
|name = andrea rota
|img = http://1.gravatar.com/avatar/4f0307d567aee5c748590e9a1de623f1?size=400px
|url = mey.vn
}}

{{AttendeeImage
|name = Andy Dennis
|img = http://dennisimo.com/hello.png
|url = dennisimo.com
}}

{{AttendeeImage
|name = Angela P. Ricci
|img = https://pbs.twimg.com/profile_images/671598573730078720/KvhrJBiS_400x400.png
|url = gericci.me
}}

{{AttendeeImage
|name = Ashley Nye
|img = https://media.licdn.com/mpr/mpr/shrinknp_400_400/p/4/005/061/171/35f8eec.jpg
|url = ashleynye.co.uk
}}

{{AttendeeImage
|name = Auli Kütt
|img = http://auli.haldjas.org/avatar.png
|url = kirilind.me
}}

{{AttendeeImage
|name = Barry Frost
|img = https://barryf.s3.amazonaws.com/barryfrost.jpg
|url = barryfrost.com
}}

{{AttendeeImage
|name = Bastian Allgeier
|img = http://bastianallgeier.com/photo.jpg
|url = bastianallgeier.com
}}

{{AttendeeImage
|name = Ben Goering
|img = https://cldup.com/wk0lcdq6cj.jpg
|url = bengo.is
}}

{{AttendeeImage
|name = Ben Roberts
|img = https://ben.thatmustbe.me/image/static/icon_128.jpg
|url = ben.thatmustbe.me
}}

{{AttendeeImage
|name = Ben Werdmuller
|img = http://benwerd.com/gfx/benwerd.jpg
|url = werd.io
}}

{{AttendeeImage
|name = Benjamin Goering
|img = https://secure.gravatar.com/avatar/710b26b2330f4a1b310c244ae917bf0b?s=128
|url = bengo.is
}}

{{AttendeeImage
|name = Benjamin Melançon
|img = http://mlncn.withknown.com/file/00c7d8e67682303419851cd5bf04d11d/thumb.jpg
|url = mlncn.withknown.com
}}

{{AttendeeImage
|name = Benjamin Parry
|img = http://www.gravatar.com/avatar/14e33bc557d4c5d9ce3c1cba8d325e2e?size=160.png
|url = benjamin.parry.is
}}

{{AttendeeImage
|name = Benjamin Young
|img = http://bigbluehat.com/byoung.jpg
|url = bigbluehat.com
}}

{{AttendeeImage
|name = Bradley Allen
|img = https://cloud.githubusercontent.com/assets/872591/9023286/e8edde3c-3849-11e5-8901-42acb684bc60.png
|url = bradleyallen.info
}}

{{AttendeeImage
|name = Bret Comnes
|img = http://www.gravatar.com/avatar/8d8b82740cb7ca994449cccd1dfdef5f?s=128
|url = bret.io
}}

{{AttendeeImage
|name = Bryan Richter
|img = https://indiewebcamp.com/images/4/4e/indiewebcamp-square.min.png
|url = chreekat.net
}}

{{AttendeeImage
|name = Bryn Wölfka
|img = http://twitter.com/Bryn_Wolf/profile_image?size=original
|url = loveiswhoweare.com
}}

{{AttendeeImage
|name = Calum Ryan
|img = https://pbs.twimg.com/profile_images/567474100483162112/L9cASuPq_400x400.jpeg
|url = calumryan.com
}}

{{AttendeeImage
|name = Cassie Traun
|img = http://cassie.wtf/file/ac2470514e965ac0fb1dc1cd1b4ea2e3/thumb.jpg
|url = cassie.wtf
}}

{{AttendeeImage
|name = Charles Reid
|img = https://secure.gravatar.com/avatar/7e0f387381ec6bd2ede5472a04c769c7
|url = www.charlesreid1.com
}}

{{AttendeeImage
|name = Charlotte Jackson
|img = http://www.lottejackson.com/assets/images/charlotte.png
|url = www.lottejackson.com
}}

{{AttendeeImage
|name = Chris Buck
|img = http://www.gravatar.com/avatar/8588d16143d8a06f9ffb6e2e31811de7?s=128
|url = butterwell.exploratori.us
}}

{{AttendeeImage
|name = Christophe Ducamp
|img = https://secure.gravatar.com/avatar/c0ab2bbd32d921fd0deb84eb3c704ef5?default=https%3A%2F%2Fti.to%2Fgravatar.png&secure=true&default=https%3A%2F%2Fstarwavatars.global.ssl.fastly.net%2Favatars%2F13751cba185bc3513916cad7418f0a18.png
|url = christopheducamp.com
}}

{{AttendeeImage
|name = Damien Senger
|img = https://pbs.twimg.com/profile_images/578701136087105536/o2w3i6AB.jpeg
|url = hiwelo.co
}}

{{AttendeeImage
|name = Dan Feidt
|img = https://twitter.com/hongpong/profile_image?size=original
|url = hongpong.com
}}

{{AttendeeImage
|name = Daniel Pietzsch
|img = http://www.danielpietzsch.com/daniel_pietzsch_portrait.jpeg
|url = www.danielpietzsch.com
}}

{{AttendeeImage
|name = Danny Spitzberg
|img = https://indiewebcamp.com/images/4/4e/indiewebcamp-square.min.png
|url =
}}

{{AttendeeImage
|name = Darius Dunlap
|img = http://dunlaps.net/img/DariusWoods-2013-120px140px.jpeg
|url = dunlaps.net
}}

{{AttendeeImage
|name = David Shanske
|img = https://david.shanske.com/wp-content/uploads/2015/11/David-Shanske_avatar_1448572045-125x125.png
|url = david.shanske.com
}}

{{AttendeeImage
|name = Daz Mothersele
|img = http://www.darrenmothersele.com/img/darren100.jpg
|url = www.darrenmothersele.com
}}

{{AttendeeImage
|name = Despoina Karna
|img = https://indiewebcamp.com/images/4/4e/indiewebcamp-square.min.png
}}

{{AttendeeImage
|name = Dora
|img = https://indiewebcat.com/notes/2015/04/04/5/files/photo.jpg
|url = indiewebcat.com
}}

{{AttendeeImage
|name = Dustin Younse
|img = http://s.gravatar.com/avatar/8c2cde0c5ba63a6cddd575c0476c6b84?s=128
|url = dustin.younse.com
}}

{{AttendeeImage
|name = elf Pavlik
|img = https://twitter.com/elfpavlik/profile_image?size=original
|url = wwelves.org/perpetual-tripper
}}

{{AttendeeImage
|name = Emma Kuo
|img = http://notenoughneon.com/m/emma15-128.jpg
|url = notenoughneon.com
}}

{{AttendeeImage
|name = Erin jo Richey
|img = http://erinjorichey.com/128.jpg
|url = erinjorichey.com
}}

{{AttendeeImage
|name = Ewan Klein
|img = http://raw-text.io/images/ek_recent.jpg
|url = raw-text.io
}}

{{AttendeeImage
|name = Francesco
|img = https://indiewebcamp.com/images/4/4e/indiewebcamp-square.min.png
|url = fran.fi
}}

{{AttendeeImage
|name = François Kooman
|img = https://www.tuxed.net/fkooman/img/fkooman.png
|url = tuxed.net/fkooman
}}

{{AttendeeImage
|name = Frederic Hemberger
|img = https://pbs.twimg.com/profile_images/463593018230980609/hMI90Hpm_400x400.jpeg
|url = frederic-hemberger.de
}}

{{AttendeeImage
|name = Frederic Marx
|img = https://s.gravatar.com/avatar/aeaaf662428fbe6db79951d78f5a945d?s=200
|url = fmarx.de
}}

{{AttendeeImage
|name = Frederick Hirsch
|img = https://twitter.com/fjhirsch/profile_image?size=original
|url = fjhirsch.com
}}

{{AttendeeImage
|name = Freya
|img = https://indiewebcamp.com/images/4/4e/indiewebcamp-square.min.png
}}

{{AttendeeImage
|name = Geng Lyu
|img = https://indiewebcamp.com/images/4/4e/indiewebcamp-square.min.png
}}

{{AttendeeImage
|name = Giulia Alfonsi
|img = https://avatars3.githubusercontent.com/u/458523
|url = giugee.com
}}

{{AttendeeImage
|name = Glenn Jones
|img = http://glennjones.net/images/photo-small.png
|url = glennjones.net
}}

{{AttendeeImage
|name = Gordon Gray
|img = https://pbs.twimg.com/profile_images/2562018038/lk67gzmfumx9fnragfon.jpeg
|url = kim.gorzilla.co.uk
}}

{{AttendeeImage
|name = Grant Richmond
|img = http://terminalpixel.co.uk/img/grant-richmond-square.gif
|url = grant.codes
}}

{{AttendeeImage
|name = gRegor Morrill
|img = http://gregorlove.com/assets/img/profile.jpg
|url = gRegorLove.com
}}

{{AttendeeImage
|name = Guido Hoermann
|img = http://www.gravatar.com/avatar/783617f70effbb5f73cefb128c747842.png
|url = guidohoermann.com
}}

{{AttendeeImage
|name = Guillermo Martinez
|img = http://martinsgraphic.com/images/
|url = martinsgraphic.com
}}

{{AttendeeImage
|name = Hamish Hutchings
|img = https://pbs.twimg.com/profile_images/467402827975766016/A2QXSkkP.jpeg
|url = hamhut1066.com
}}

{{AttendeeImage
|name = Harry Reeder
|img = https://twitter.com/harry_reeder/profile_image
|url = www.harryreeder.co.uk
}}

{{AttendeeImage
|name = Hesam Bahrami
|img=https://secure.gravatar.com/avatar/ca4c51cbf4fc67c7570cebc7df018e18
|url=http://gilgaz.com
}}

{{AttendeeImage
|name = Ian Devlin
|img = https://pbs.twimg.com/profile_images/3749537583/79475fff419e050f5d59ab42de910983.jpeg
|url = iandevlin.com
}}

{{AttendeeImage
|name = J. Gregory McVerry
|img = https://fbcdn-profile-a.akamaihd.net/hprofile-ak-ash2/v/t1.0-1/c26.0.149.149/1932295_10151959071584290_2145241358_n.jpg?oh=3d329c4ab8ed280d46e371aa1d988b18&oe=56C45DAA&__gda__=1458998562_df4aae0a09a3c0f01e4d47ca79ba3f77
|url = your domain
}}

{{AttendeeImage
|name = James Baster
|img = https://twitter.com/jarofgreen/profile_image
|url = jarofgreen.co.uk
}}

{{AttendeeImage
|name = Jan Sauer
|img = https://jansauer.de/avatar.jpg
|url = jansauer.de
}}

{{AttendeeImage
|name = Jason Garber
|img = http://sixtwothree.org/jgarber.png
|url = sixtwothree.org
}}

{{AttendeeImage
|name = Jeena Paradies
|img = https://jeena.net/avatar.jpg
|url = jeena.net
}}

{{AttendeeImage
|name = Jeff Graham
|img = https://secure.gravatar.com/avatar/62ff6cd7f114e28f04559524c28a6de2
|url = jgraham909.com
}}

{{AttendeeImage
|name = Jennifer Rondeau
|img = https://media.licdn.com/mpr/mpr/shrinknp_400_400/p/8/000/252/026/32c84ec.jpg
|url = yourmom.io
}}

{{AttendeeImage
|name = Jeremy Keith
|img = https://adactio.com/icon.png
|url = adactio.com
}}

{{AttendeeImage
|name = Jesse Vincent
|img = https://twitter.com/obra/profile_image?size=original
|url = s.ly
}}

{{AttendeeImage
|name = Jim Groom
|img = http://farm4.static.flickr.com/3340/3520162738_69d454963c_m.jpg
|url = bavatuesdays.com
}}

{{AttendeeImage
|name = Johannes Dachsel
|img = http://johannesdachsel.com/avatar.jpg
|url = johannesdachsel.com
}}

{{AttendeeImage
|name = Johannes Ernst
|img = http://upon2020.com/public/portrait-128x128.jpg
|url = upon2020.com
}}

{{AttendeeImage
|name = John Ellison
|img = http://www.john-ellison.com/images/john-ellison-wedding-headshot-right-150x150.jpg
|url = john-ellison.com
}}

{{AttendeeImage
|name = Jon Eric Benson
|img = https://indiewebcamp.com/images/4/4e/indiewebcamp-square.min.png
|url = jonericbenson.com
}}

{{AttendeeImage
|name = Jon Pincus
|img = https://pbs.twimg.com/profile_images/617602148981866496/MRsE95gS_400x400.jpg
|url = achangeiscoming.net
}}

{{AttendeeImage
|name = Joschi Kuphal
|img = https://s.gravatar.com/avatar/60a1d50aa04c5742644fb9f1a21d74ba.jpg?s=256
|url = jkphl.is
}}

{{AttendeeImage
|name = Joseph Fraley
|img = https://indiewebcamp.com/images/4/4e/indiewebcamp-square.min.png
|url = joefraley.com
}}

{{AttendeeImage
|name = Josh Harrington
|img = https://pbs.twimg.com/profile_images/378800000515391921/d69e8e6666447f1c966405c9090d1d47.jpeg
|url = joshharrington.co.uk
}}

{{AttendeeImage
|name = judith mayer
|img = https://indiewebcamp.com/images/4/4e/indiewebcamp-square.min.png
|url =
}}

{{AttendeeImage
|name = Justin Avery
|img = http://justinavery.me/javery-profile-image.jpg
|url = justinavery.me
}}

{{AttendeeImage
|name = Jörg Morsbach
|img = https://x2.xingassets.com/image/9_0_7_15620448f_9963895_4/j%C3%B6rg-morsbach-foto.256x256.jpg
|url = anatom5.de
}}

{{AttendeeImage
|name = Kara Murphy
|img = https://scontent.fsnc1-1.fna.fbcdn.net/hprofile-ash2/v/t1.0-1/c0.0.160.160/p160x160/644144_10151717581597875_1091723049_n.jpg?oh=808b037483bc5a90f475485b7f722c95&oe=56D950CD
|url = www.facebook.com/karaemurphy
}}

{{AttendeeImage
|name = Kathryn Strauss
|img = https://indiewebcamp.com/images/4/4e/indiewebcamp-square.min.png
|url =
}}

{{AttendeeImage
|name = Katie Conforti
|img = http://katieconforti.com/img/thm/katie-conforti-900.jpg
|url = katieconforti.com
}}

{{AttendeeImage
|name = Kawandeep Virdee
|img = https://scontent-lax3-1.xx.fbcdn.net/hprofile-xfp1/v/t1.0-1/c28.215.555.555/s160x160/10517459_10102940000133014_90456629835604696_n.jpg?oh=d4767d6414e23468b72da1d657585d93&oe=56C9CCC5
|url = your domain
}}

{{AttendeeImage
|name = Kegan Dougal
|img = https://matrix.org/_matrix/content/QGtlZ2FuOm1hdHJpeC5vcmcgZMiBXLrEZiQnSvyXcrdautg.aW1hZ2UvanBlZw==.jpeg
}}

{{AttendeeImage
|name = Kevin Marks
|img = http://www.kevinmarks.com/km.jpg
|url = kevinmarks.com
}}

{{AttendeeImage
|name = Kit Barnes
|img = https://twitter.com/kitbarnes/profile_image
|url = www.kitb.pw
}}

{{AttendeeImage
|name = Kurtis Hanna
|img = http://sensible.mn/file/5508b27a7de072d11f8b456b/thumb.jpg
|url = sensible.mn
}}

{{AttendeeImage
|name = Kyle Mahan
|img = http://kylewm.com/static/img/users/kyle_large.jpg
|url = kylewm.com
}}

{{AttendeeImage
|name = LA Rafael
|url=https://opensourcespecialist.co.uk/
|img=https://opensourcespecialist.co.uk/images/profile.jpg
}}

{{AttendeeImage
|name = Laci White
|img = https://indiewebcamp.com/images/4/4e/indiewebcamp-square.min.png
|url =
}}

{{AttendeeImage
|name = Lennon Day-Reynolds
|img = https://secure.gravatar.com/avatar/788622ab7e1f792ca653eeacbe5c1db3
|url = rcoder.net
}}

{{AttendeeImage
|name = Lewis Nyman
|img = https://indiewebcamp.com/images/4/4e/indiewebcamp-square.min.png
|url = lewisnyman.co.uk
}}

{{AttendeeImage
|name = Lillian Karabaic
|img = http://www.communitycyclingcenter.org/wp-content/uploads/2011/05/Lillian.jpg
|url = www.anomalily.net
}}

{{AttendeeImage
|name = Linnea Olsen
|img = http://brightminded.com/wp-content/uploads/2015/04/linneaolsen.jpeg
|url = www.lilylionheart.se
}}

{{AttendeeImage
|name = Lowell Mower
|img = https://pbs.twimg.com/profile_images/3414278277/5418cf8011d8d27a1880f1ec61c3a988.jpeg
|url =
}}

{{AttendeeImage
|name = Lukas Rosenstock
|img = https://d2rfichhc2fb9n.cloudfront.net/image/5/ZtGS9jx0QnS6iMeZXjBESnrfZjZ7InMiOiJzMyIsImIiOiJhZG4tdXNlci1hc3NldHMiLCJrIjoiYXNzZXRzL3VzZXIvYTcvNGYvMzAvYTc0ZjMwMDAwMDAwMDAwMC5qcGciLCJvIjoiIn0
|url = lukasrosenstock.net
}}

{{AttendeeImage
|name = Marc Hinse
|img = http://siebennull.com/ava6_400x400.jpg
|url = siebennull.com
}}

{{AttendeeImage
|name = Marc Thiele
|img = http://marcthiele.com/assets/avatars/marcthiele.png
|url = marcthiele.com
}}

{{AttendeeImage
|name = Mark Norman Francis
|img = https://pbs.twimg.com/profile_images/2750334800/982765eec3c3148c0ba389fa1a67ed9f.jpeg
|url = marknormanfrancis.com
}}

{{AttendeeImage
|name = Mary Anne Thygesen
|img = https://indiewebcamp.com/images/4/4e/indiewebcamp-square.min.png
|url = maryannedata.com
}}

{{AttendeeImage
|name = Michaela Lehr
|img = https://pbs.twimg.com/profile_images/663342201221619714/NGehLdVt_400x400.jpg
|url = ahoy.fischaelameer.de
}}

{{AttendeeImage
|name = Mike Sugarbaker
|img = http://gibberish.com/gifs/misuba_cartoon.jpg
|url = gibberish.com
}}

{{AttendeeImage
|name = Naomi Rubin
|img = https://secure.gravatar.com/avatar/cc647d17511cc5f784ed9fabd2675caa
|url = www.naomirub.in
}}

{{AttendeeImage
|name = Nathan Stonestrom
|img = https://indiewebcamp.com/images/4/4e/indiewebcamp-square.min.png
|url =
}}

{{AttendeeImage
|name = Nick Jennings
|img = https://silverbucket.net/img/avatar.png
|url = silverbucket.net
}}

{{AttendeeImage
|name = Nicolai Schwarz
|img = http://nicolaischwarz.de/nicolai_schwarz_128x128.jpg
|url = nicolaischwarz.de
}}

{{AttendeeImage
|name = Nina Cornwall
|img = https://indiewebcamp.com/images/4/4e/indiewebcamp-square.min.png
|url =
}}

{{AttendeeImage
|name = Nolan MacGregor
|img = https://indiewebcamp.com/images/4/4e/indiewebcamp-square.min.png
|url =
}}

{{AttendeeImage
|name = Paul Lloyd
|img = http://gravatar.com/avatar/15091a37bacfa4bdd011282627eaca2b?size=160.png
|url = paulrobertlloyd.com
}}

{{AttendeeImage
|name = Paul Munday
|img = https://indiewebcamp.com/images/4/4f/paul_m_as_a_ladybird.jpg
|url = paulmunday.net
}}

{{AttendeeImage
|name = Paul Tibbetts
|img=https://www.gravatar.com/avatar/36790fabdc80d52c19e45c2df8acb55a?s=496
|url=https://paultibbetts.uk
}}

{{AttendeeImage
|name = Paul Tran-Van
|img = https://indiewebcamp.com/images/4/4e/indiewebcamp-square.min.png
|url =
}}

{{AttendeeImage
|name = Paulo de Sousa
|img = https://indiewebcamp.com/images/4/4e/indiewebcamp-square.min.png
|url =
}}

{{AttendeeImage
|name = Peixue Li
|img = https://indiewebcamp.com/images/4/4e/indiewebcamp-square.min.png
}}

{{AttendeeImage
|name = Peter Molnar
|img = https://s.gravatar.com/avatar/1915b220dfe0cc56209cb4d11b389383?s=128
|url = petermolnar.eu
}}

{{AttendeeImage
|name = Philip Igbaro
|img = https://indiewebcamp.com/images/4/4e/indiewebcamp-square.min.png
}}

{{AttendeeImage
|name = Randall Leeds
|img = https://s.gravatar.com/avatar/7129ff665d962af537bf7a01f392396d?s=128
|url = randall.bleeds.info
}}

{{AttendeeImage
|name = Raymond Lapin
|img = https://indiewebcamp.com/images/4/4e/indiewebcamp-square.min.png
|url = proflapin.wordpress.com/
}}

{{AttendeeImage
|name = Renate Hermanns
|img = http://www.css-manufaktur.de/wp-content/uploads/2010/10/renate_hermanns_2.jpg
|url = css-manufaktur.de
}}

{{AttendeeImage
|name = Richard Brammer
|img = http://richardbrammer.de/richard-brammer-128.jpg
|url = richardbrammer.de
}}

{{AttendeeImage
|name = Richard Rozewski
|img = https://scontent-lax3-1.xx.fbcdn.net/hprofile-xtf1/v/t1.0-1/p160x160/12006288_10156049851800007_757621486836472431_n.jpg?oh=b2e4933085ee3ac4c543ed8fc115cda2&oe=56AC4068
|url = your domain
}}

{{AttendeeImage
|name = River
|img = https://secure.gravatar.com/avatar/e19b19f5bd75b951c0fb3521b025b7b7.png?s=150
|url = mm0hai.net
}}

{{AttendeeImage
|name = Robert Brook
|img = https://indiewebcamp.com/images/4/4e/indiewebcamp-square.min.png
|url = robert-brook.com
}}

{{AttendeeImage
|name = Rogier Schoenmaker
|img = https://pbs.twimg.com/profile_images/478253935329685505/RvERnjFY_400x400.png
|url = killerog.com
}}

{{AttendeeImage
|name = Roman Stranghöner
|img = https://avatars0.githubusercontent.com/u/398576?v=3&s=460
|url = nischenwerk.de
}}

{{AttendeeImage
|name = Rosa Fox
|img = https://avatars1.githubusercontent.com/u/5963488
|url = www.rosa-fox.com
}}

{{AttendeeImage
|name = Ryan Barrett
|img = http://snarfed.org/ryan_profile_square_128.jpg
|url = snarfed.org
}}

{{AttendeeImage
|name = Saloni Vyas
|img = https://indiewebcamp.com/images/4/4e/indiewebcamp-square.min.png
}}

{{AttendeeImage
|name = Sandro Hawke
|img = http://www.w3.org/People/Sandro/IMG_5857_128.jpeg
|url = w3.org/People/Sandro
}}

{{AttendeeImage
|name = Sarah Joy Calpo
|img = https://secure.gravatar.com/avatar/60e5dbb69ce1efb2afe895975ca5738f
|url = themostawful.com
}}

{{AttendeeImage
|name = Sascha Reeka
|img = http://www.saschareeka.de/photo.jpg
|url = saschareeka.de
}}

{{AttendeeImage
|name = Sean Niesen
|img = https://pbs.twimg.com/profile_images/548377363021447168/tXAcZcf2_400x400.png
|url = seanniesen.com
}}

{{AttendeeImage
|name = Sebastian Kippe
|img = https://avatars3.githubusercontent.com/u/842?v=3&s=460
|url = sebastian.kip.pe
}}

{{AttendeeImage
|name = Shane Caraveo
|img = https://secure.gravatar.com/avatar/e264a5ad5bd2142a8c61293aa4464397
|url = shane.caraveo.com
}}

{{AttendeeImage
|name = Shane Hudson
|img = http://shanehudson.net/avatar.png
|url = shanehudson.net
}}

{{AttendeeImage
|name = Shaun Giudici
|img = http://giudici.us/static/_images/avatar_square.jpg
|url = giudici.us
}}

{{AttendeeImage
|name = Shawn Eisenach
|img = http://wholewheattoast.com/image/sp_summer_2015_128.gif
|url = www.wholewheattoast.com
}}

{{AttendeeImage
|name = Stefan Auditor
|img = http://audiens.de/images/pic05.jpg
|url = audiens.de
}}

{{AttendeeImage
|name = Steffen Rademacker
|img = http://webgefrickel.de/me.jpg
|url = webgefrickel.de
}}

{{AttendeeImage
|name = Steph Duncker
|img = https://secure.gravatar.com/avatar/a859d428575da478e04f808e9f42ccb3
|url =
}}

{{AttendeeImage
|name = Steven Schneider
|img = https://indiewebcamp.com/images/4/4e/indiewebcamp-square.min.png
|url =
}}

{{AttendeeImage
|name = Tabea David
|img = http://justonestep.de/me.jpg
|url = justonestep.de
}}

{{AttendeeImage
|name = Tantek Çelik
|img = http://tantek.com/logo.jpg
|url = tantek.com
}}

{{AttendeeImage
|name = Tatiana Ugriumova
|img = https://indiewebcamp.com/images/4/4e/indiewebcamp-square.min.png
|url = 
}}

{{AttendeeImage
|name = Tigo
|img = http://tigo.rhiaro.co.uk/photo.jpg
|url = tigo.rhiaro.co.uk
}}

{{AttendeeImage
|name = Tim Owens
|img = https://twitter.com/timmmmyboy/profile_image?size=original
|url = timowens.io
}}

{{AttendeeImage
|name = Tim Retout
|img = https://twitter.com/timretout/profile_image
|url = retout.co.uk
}}

{{AttendeeImage
|name = Timon Walshe-Grey
|img = https://indiewebcamp.com/images/4/4e/indiewebcamp-square.min.png
|url = yellowrabbitapps.co.uk
}}

{{AttendeeImage
|name = Tom Morris
|img=https://tommorris.org/images/me.jpg
|url=https://tommorris.org
}}

{{AttendeeImage
|name = Tony Goncharuk
|img = https://indiewebcamp.com/images/4/4e/indiewebcamp-square.min.png
|url =
}}

{{AttendeeImage
|name = Travis Wellman
|img = http://www.wavis.org/uploads/1/2/6/8/12686797/8743285_orig.jpg
|url = wavis.org
}}

{{AttendeeImage
|name = Trevor Scandalios
|img = https://indiewebcamp.com/images/4/4e/indiewebcamp-square.min.png
|url = www.trevorscandalios.com
}}

{{AttendeeImage
|name = Tristan Bailey
|img = http://holdingbay.co.uk/images/photos/tristanbailey_large.png
|url = holdingbay.co.uk
}}

{{AttendeeImage
|name = Tyson Vanover
|img = https://indiewebcamp.com/images/4/4e/indiewebcamp-square.min.png
|url = tyson.vanoverhill.com
}}

{{AttendeeImage
|name = Valerie Hanesse
|img = https://indiewebcamp.com/images/4/4e/indiewebcamp-square.min.png
|url =
}}

{{AttendeeImage
|name = Yaqin Mao
|img = https://indiewebcamp.com/images/4/4e/indiewebcamp-square.min.png
}}

{{AttendeeImage
|name = Zack Fischmann
|img = http://secure.gravatar.com/avatar/b4de08b42de462469e7af71163ee64a7
|url = zackfischmann.com
}}

</div> 


<div style="clear:both">&nbsp;</div> 
...

== Record Numbers of Things ==
=== IndieWebCamps ===
[[2015/]] had one more in-person IndieWebCamp than 2014:
* [[2015/Cambridge]]
* [[2015/Germany]]
* [[2015]] in Portland & [[2015/Brighton|Brighton]]
* [[2015/Edinburgh]]
* [[2015/MIT]]
* [[2015/SF]]

=== Homebrew Website Club ===
(Get info from [[Homebrew Website Club]] page re: # of days, # of cities, and details for each)
 
2015 was the second full year of the [[Homebrew Website Club]] (HWC), met on ??? days across ??? cities: San Francisco, Portland, New York, Brighton, Göteborg, Malmö, Edinburgh (how to sort these?)

Welcome to our new regular Homebrew Website Club chapters!
* Brighton started [[events/2015-08-12-homebrew-website-club|2015-08-12]] and held ??? meetups.
* Göteborg  started [[events/2015-07-29-homebrew-website-club|2015-07-29]][https://jeena.net/notes/386] and held 9 meetups!
* Malmö  started [[events/2015-08-26-homebrew-website-club|2015-08-26]] and held 3 meetups!
* Edinburgh started [[events/2015-08-13-homebrew-website-club|2015-08-13]] and held ??? meetups.
* A few more pop-up New York meetups were held (????-??-??)
* ...

=== Press ===
2015 had [[Posts_about_the_IndieWeb#2015|good press coverage of IndieWebCamp and the IndieWeb]] as a whole. Most notably:
* ... ???

See more [[Posts_about_the_IndieWeb#2015|articles about the IndieWeb in 2015]].

=== Talks ===
2015 had several [[videos_about_the_IndieWeb#2015|IndieWeb related talks]] being given at conferences by community members. Here are a few of them ranging from introductory to technical:

* ????-??-??
* ...

== ... ==

[[Category: Year in review]]
== Other Years ==
{{#categorytree:Year in review|mode=pages|hideroot=on}}

== See Also ==
* [[2015-created]] - pages created in 2015
* [[Year in Review]]
